Workbook

Sheet TPL
A1: recordId | B1: hospId | C1: state | D1: district | E1: hosp_type | F1: hospname | G1: GPS | H1: creation_date | I1: date_submission | J1: e_primary | K1: e_secondary | L1: e_tertiary | M1: i_primary | N1: i_secondary | O1: i_tertiary | P1: b_primary | Q1: b_secondary | R1: b_tertiary | S1: s_primary | T1: s_secondary | U1: s_tertiary | V1: avg_primary | W1: avg_secondary | X1: avg_tertiary | Y1: statecode | Z1: districtcode
A2: 746 | B2: 1 | C2: Haryana | D2: Ambala | E2: CHC | F2: CHC SHAHZADPUR | G2: =VLOOKUP(F2,Hospitals!E:H,4,FALSE) -> 30.28297 , 76.71056 | H2: 45428 | I2: 45428 | J2: 45.86 | K2: 42.604 | L2: 40.909 | M2: 17.647 | N2: 13.043 | O2: 13.043 | P2: 17.647 | Q2: 13.043 | R2: 13.043 | S2: 10 | T2: 8.333 | U2: 0 | V2: =AVERAGE(J2,M2,P2,S2) -> 22.7885 | W2: =AVERAGE(K2,N2,Q2,T2) -> 19.25575 | X2: =AVERAGE(L2,O2,R2,U2) -> 16.74875 | Y2: 13 | Z2: 001
A3: 748 | B3: 1 | C3: Haryana | D3: Ambala | E3: CHC | F3: CHC SHAHZADPUR | G3: =VLOOKUP(F3,Hospitals!E:H,4,FALSE) -> 30.28297 , 76.71056 | H3: 45428 | I3: 45428 | J3: 45.86 | K3: 42.604 | L3: 40.909 | M3: 17.647 | N3: 13.043 | O3: 13.043 | P3: 17.647 | Q3: 13.043 | R3: 13.043 | S3: 10 | T3: 8.333 | U3: 0 | V3: =AVERAGE(J3,M3,P3,S3) -> 22.7885 | W3: =AVERAGE(K3,N3,Q3,T3) -> 19.25575 | X3: =AVERAGE(L3,O3,R3,U3) -> 16.74875 | Y3: 13 | Z3: 001
A4: 905 | B4: 10 | C4: Haryana | D4: Ambala | E4: PHC | F4: PHC BOH | G4: =VLOOKUP(F4,Hospitals!E:H,4,FALSE) -> 30.37369 , 77.09641 | H4: 45490 | I4: 45490 | J4: 47.134 | K4: 43.787 | L4: 42.045 | M4: 52.941 | N4: 39.13 | O4: 39.13 | P4: 52.941 | Q4: 39.13 | R4: 39.13 | S4: 0 | T4: 0 | U4: 0 | V4: =AVERAGE(J4,M4,P4,S4) -> 38.254 | W4: =AVERAGE(K4,N4,Q4,T4) -> 30.51175 | X4: =AVERAGE(L4,O4,R4,U4) -> 30.07625 | Y4: 13 | Z4: 001
A5: 484 | B5: 100 | C5: Haryana | D5: Gurugram | E5: PRIVATE | F5: Aarvy Healthcare, Sector 90 | G5: =VLOOKUP(F5,Hospitals!E:H,4,FALSE) -> 28.40287 , 76.95277 | H5: 45386 | I5: 45386 | J5: 89.172 | K5: 88.757 | L5: 88.068 | M5: 88.235 | N5: 86.957 | O5: 86.957 | P5: 88.235 | Q5: 86.957 | R5: 86.957 | S5: 80 | T5: 75 | U5: 57.143 | V5: =AVERAGE(J5,M5,P5,S5) -> 86.4105 | W5: =AVERAGE(K5,N5,Q5,T5) -> 84.41775 | X5: =AVERAGE(L5,O5,R5,U5) -> 79.78125 | Y5: 13 | Z5: 006
A6: 1118 | B6: 1000 | C6: Haryana | D6: Fatehabad | E6: PRIVATE | F6: KHANNA ENT AND DENTAL HOSPITAL | G6: =VLOOKUP(F6,Hospitals!E:H,4,FALSE) -> 29.70815 , 75.90863 | H6: 45646 | I6: 45646 | J6: 57.325 | K6: 53.254 | L6: 51.136 | M6: 47.059 | N6: 39.13 | O6: 39.13 | P6: 47.059 | Q6: 39.13 | R6: 39.13 | S6: 0 | T6: 0 | U6: 0 | V6: =AVERAGE(J6,M6,P6,S6) -> 37.86075 | W6: =AVERAGE(K6,N6,Q6,T6) -> 32.8785 | X6: =AVERAGE(L6,O6,R6,U6) -> 32.349 | Y6: 13 | Z6: 005
A7: 1119 | B7: 1000 | C7: Haryana | D7: Fatehabad | E7: PRIVATE | F7: KHANNA ENT AND DENTAL HOSPITAL | G7: =VLOOKUP(F7,Hospitals!E:H,4,FALSE) -> 29.70815 , 75.90863 | H7: 45646 | I7: - | J7: 57.325 | K7: 53.254 | L7: 51.136 | M7: 47.059 | N7: 39.13 | O7: 39.13 | P7: 47.059 | Q7: 39.13 | R7: 39.13 | S7: 0 | T7: 0 | U7: 0 | V7: =AVERAGE(J7,M7,P7,S7) -> 37.86075 | W7: =AVERAGE(K7,N7,Q7,T7) -> 32.8785 | X7: =AVERAGE(L7,O7,R7,U7) -> 32.349 | Y7: 13 | Z7: 005
A8: 1112 | B8: 1001 | C8: Haryana | D8: Fatehabad | E8: PRIVATE | F8: PARUL ENT SKIN AND LASER CENTRE | G8: =VLOOKUP(F8,Hospitals!E:H,4,FALSE) -> #N/A | H8: 45644 | I8: - | J8: 0 | K8: 0 | L8: 0 | M8: 0 | N8: 0 | O8: 0 | P8: 0 | Q8: 0 | R8: 0 | S8: 0 | T8: 0 | U8: 0 | V8: =AVERAGE(J8,M8,P8,S8) -> 0 | W8: =AVERAGE(K8,N8,Q8,T8) -> 0 | X8: =AVERAGE(L8,O8,R8,U8) -> 0 | Y8: 13 | Z8: 005
A9: 1111 | B9: 1002 | C9: Haryana | D9: Fatehabad | E9: PRIVATE | F9: JAIPUR CHILDREN HOSPITAL | G9: =VLOOKUP(F9,Hospitals!E:H,4,FALSE) -> #N/A | H9: 45644 | I9: - | J9: 0 | K9: 0 | L9: 0 | M9: 0 | N9: 0 | O9: 0 | P9: 0 | Q9: 0 | R9: 0 | S9: 0 | T9: 0 | U9: 0 | V9: =AVERAGE(J9,M9,P9,S9) -> 0 | W9: =AVERAGE(K9,N9,Q9,T9) -> 0 | X9: =AVERAGE(L9,O9,R9,U9) -> 0 | Y9: 13 | Z9: 005
A10: 1131 | B10: 1004 | C10: Haryana | D10: Panchkula | E10: UPHC | F10: UPHC Pinjore | G10: =VLOOKUP(F10,Hospitals!E:H,4,FALSE) -> 30.70689 , 76.74921 | H10: 45677 | I10: - | J10: 0 | K10: 0 | L10: 0 | M10: 82.353 | N10: 69.565 | O10: 69.565 | P10: 82.353 | Q10: 69.565 | R10: 69.565 | S10: 0 | T10: 0 | U10: 0 | V10: =AVERAGE(J10,M10,P10,S10) -> 41.1765 | W10: =AVERAGE(K10,N10,Q10,T10) -> 34.7825 | X10: =AVERAGE(L10,O10,R10,U10) -> 34.7825 | Y10: 13 | Z10: 016
A11: 1156 | B11: 1005 | C11: Haryana | D11: Hisar | E11: PRIVATE | F11: AABHARI PLASTIC SURGERY CENTRE | G11: =VLOOKUP(F11,Hospitals!E:H,4,FALSE) -> #N/A | H11: 45688 | I11: - | J11: 0 | K11: 0 | L11: 0 | M11: 0 | N11: 0 | O11: 0 | P11: 0 | Q11: 0 | R11: 0 | S11: 0 | T11: 0 | U11: 0 | V11: =AVERAGE(J11,M11,P11,S11) -> 0 | W11: =AVERAGE(K11,N11,Q11,T11) -> 0 | X11: =AVERAGE(L11,O11,R11,U11) -> 0 | Y11: 13 | Z11: 007
A12: 1162 | B12: 1007 | C12: Haryana | D12: Hisar | E12: PRIVATE | F12: SHREE BALAJI HOSPITAL | G12: =VLOOKUP(F12,Hospitals!E:H,4,FALSE) -> 30.90096 , 75.85728 | H12: 45712 | I12: - | J12: 0 | K12: 0 | L12: 0 | M12: 0 | N12: 0 | O12: 0 | P12: 0 | Q12: 0 | R12: 0 | S12: 0 | T12: 0 | U12: 0 | V12: =AVERAGE(J12,M12,P12,S12) -> 0 | W12: =AVERAGE(K12,N12,Q12,T12) -> 0 | X12: =AVERAGE(L12,O12,R12,U12) -> 0 | Y12: 13 | Z12: 007
A13: 1157 | B13: 1009 | C13: Haryana | D13: Hisar | E13: PRIVATE | F13: DR RAM NARAIAN SONI ORTHO HOSPITAL | G13: =VLOOKUP(F13,Hospitals!E:H,4,FALSE) -> #N/A | H13: 45689 | I13: - | J13: 0 | K13: 0 | L13: 0 | M13: 0 | N13: 0 | O13: 0 | P13: 0 | Q13: 0 | R13: 0 | S13: 0 | T13: 0 | U13: 0 | V13: =AVERAGE(J13,M13,P13,S13) -> 0 | W13: =AVERAGE(K13,N13,Q13,T13) -> 0 | X13: =AVERAGE(L13,O13,R13,U13) -> 0 | Y13: 13 | Z13: 007
A14: 631 | B14: 101 | C14: Haryana | D14: Gurugram | E14: PRIVATE | F14: Manipal Hospital Gurugram | G14: =VLOOKUP(F14,Hospitals!E:H,4,FALSE) -> #N/A | H14: 45449 | I14: - | J14: 0 | K14: 0 | L14: 0 | M14: 94.118 | N14: 95.652 | O14: 95.652 | P14: 94.118 | Q14: 95.652 | R14: 95.652 | S14: 0 | T14: 0 | U14: 0 | V14: =AVERAGE(J14,M14,P14,S14) -> 47.059 | W14: =AVERAGE(K14,N14,Q14,T14) -> 47.826 | X14: =AVERAGE(L14,O14,R14,U14) -> 47.826 | Y14: 13 | Z14: 006
A15: 1158 | B15: 1011 | C15: Haryana | D15: Hisar | E15: PRIVATE | F15: SAPRA MULTISPECIALITY HOSPITAL | G15: =VLOOKUP(F15,Hospitals!E:H,4,FALSE) -> #N/A | H15: 45691 | I15: - | J15: 0 | K15: 0 | L15: 0 | M15: 0 | N15: 0 | O15: 0 | P15: 0 | Q15: 0 | R15: 0 | S15: 0 | T15: 0 | U15: 0 | V15: =AVERAGE(J15,M15,P15,S15) -> 0 | W15: =AVERAGE(K15,N15,Q15,T15) -> 0 | X15: =AVERAGE(L15,O15,R15,U15) -> 0 | Y15: 13 | Z15: 007
A16: 1161 | B16: 1013 | C16: Haryana | D16: Hisar | E16: PRIVATE | F16: Malik Hospital (Uttam Nagar Hansi) | G16: =VLOOKUP(F16,Hospitals!E:H,4,FALSE) -> #N/A | H16: 45692 | I16: - | J16: 0 | K16: 0 | L16: 0 | M16: 0 | N16: 0 | O16: 0 | P16: 0 | Q16: 0 | R16: 0 | S16: 0 | T16: 0 | U16: 0 | V16: =AVERAGE(J16,M16,P16,S16) -> 0 | W16: =AVERAGE(K16,N16,Q16,T16) -> 0 | X16: =AVERAGE(L16,O16,R16,U16) -> 0 | Y16: 13 | Z16: 007
A17: 1159 | B17: 1014 | C17: Haryana | D17: Hisar | E17: PRIVATE | F17: RAVINDRA HOSPITAL AND HEART CENTRE | G17: =VLOOKUP(F17,Hospitals!E:H,4,FALSE) -> #N/A | H17: 45691 | I17: - | J17: 0 | K17: 0 | L17: 0 | M17: 0 | N17: 0 | O17: 0 | P17: 0 | Q17: 0 | R17: 0 | S17: 0 | T17: 0 | U17: 0 | V17: =AVERAGE(J17,M17,P17,S17) -> 0 | W17: =AVERAGE(K17,N17,Q17,T17) -> 0 | X17: =AVERAGE(L17,O17,R17,U17) -> 0 | Y17: 13 | Z17: 007
A18: 839 | B18: 102 | C18: Haryana | D18: Hisar | E18: CHC | F18: CHC CUM SDH BARWALA | G18: =VLOOKUP(F18,Hospitals!E:H,4,FALSE) -> 29.36013 , 75.88086 | H18: 45477 | I18: 45477 | J18: 51.592 | K18: 48.521 | L18: 47.159 | M18: 58.824 | N18: 43.478 | O18: 43.478 | P18: 58.824 | Q18: 43.478 | R18: 43.478 | S18: 10 | T18: 8.333 | U18: 0 | V18: =AVERAGE(J18,M18,P18,S18) -> 44.81 | W18: =AVERAGE(K18,N18,Q18,T18) -> 35.9525 | X18: =AVERAGE(L18,O18,R18,U18) -> 33.52875 | Y18: 13 | Z18: 007
A19: 1170 | B19: 1020 | C19: Haryana | D19: Hisar | E19: PRIVATE | F19: KHALSA HOSPITAL MANAGEMENT | G19: =VLOOKUP(F19,Hospitals!E:H,4,FALSE) -> #N/A | H19: 45763 | I19: - | J19: 0 | K19: 0 | L19: 0 | M19: 0 | N19: 0 | O19: 0 | P19: 0 | Q19: 0 | R19: 0 | S19: 0 | T19: 0 | U19: 0 | V19: =AVERAGE(J19,M19,P19,S19) -> 0 | W19: =AVERAGE(K19,N19,Q19,T19) -> 0 | X19: =AVERAGE(L19,O19,R19,U19) -> 0 | Y19: 13 | Z19: 007
A20: 1164 | B20: 1022 | C20: Haryana | D20: Hisar | E20: PRIVATE | F20: SADBHAVNA HOSPITAL Uklana Mandi | G20: =VLOOKUP(F20,Hospitals!E:H,4,FALSE) -> #N/A | H20: 45720 | I20: - | J20: 0 | K20: 0 | L20: 0 | M20: 0 | N20: 0 | O20: 0 | P20: 0 | Q20: 0 | R20: 0 | S20: 0 | T20: 0 | U20: 0 | V20: =AVERAGE(J20,M20,P20,S20) -> 0 | W20: =AVERAGE(K20,N20,Q20,T20) -> 0 | X20: =AVERAGE(L20,O20,R20,U20) -> 0 | Y20: 13 | Z20: 007
A21: 868 | B21: 103 | C21: Haryana | D21: Hisar | E21: CHC | F21: CHC SORKHI | G21: =VLOOKUP(F21,Hospitals!E:H,4,FALSE) -> 28.99308 , 77.01507 | H21: 45532 | I21: 45532 | J21: 91.72 | K21: 88.166 | L21: 84.659 | M21: 52.941 | N21: 39.13 | O21: 39.13 | P21: 52.941 | Q21: 39.13 | R21: 39.13 | S21: 10 | T21: 8.333 | U21: 0 | V21: =AVERAGE(J21,M21,P21,S21) -> 51.9005 | W21: =AVERAGE(K21,N21,Q21,T21) -> 43.68975 | X21: =AVERAGE(L21,O21,R21,U21) -> 40.72975 | Y21: 13 | Z21: 007
A22: 963 | B22: 104 | C22: Haryana | D22: Hisar | E22: CHC | F22: CHC SISWAL | G22: =VLOOKUP(F22,Hospitals!E:H,4,FALSE) -> 29.14919 , 75.72165 | H22: 45561 | I22: 45561 | J22: 42.675 | K22: 39.645 | L22: 38.068 | M22: 29.412 | N22: 21.739 | O22: 21.739 | P22: 29.412 | Q22: 21.739 | R22: 21.739 | S22: 0 | T22: 0 | U22: 0 | V22: =AVERAGE(J22,M22,P22,S22) -> 25.37475 | W22: =AVERAGE(K22,N22,Q22,T22) -> 20.78075 | X22: =AVERAGE(L22,O22,R22,U22) -> 20.3865 | Y22: 13 | Z22: 007
A23: 836 | B23: 105 | C23: Haryana | D23: Hisar | E23: CHC | F23: CHC KHANDA KHERI | G23: =VLOOKUP(F23,Hospitals!E:H,4,FALSE) -> 28.61629 , 77.28988 | H23: 45748 | I23: 45748 | J23: 35.032 | K23: 32.544 | L23: 31.25 | M23: 58.824 | N23: 47.826 | O23: 47.826 | P23: 58.824 | Q23: 47.826 | R23: 47.826 | S23: 10 | T23: 8.333 | U23: 0 | V23: =AVERAGE(J23,M23,P23,S23) -> 40.67 | W23: =AVERAGE(K23,N23,Q23,T23) -> 34.13225 | X23: =AVERAGE(L23,O23,R23,U23) -> 31.7255 | Y23: 13 | Z23: 007
A24: 886 | B24: 106 | C24: Haryana | D24: Hisar | E24: CHC | F24: CHC SISAI BOLA | G24: =VLOOKUP(F24,Hospitals!E:H,4,FALSE) -> 29.17274 , 76.01374 | H24: 45483 | I24: 45483 | J24: 41.401 | K24: 40.828 | L24: 39.773 | M24: 11.765 | N24: 17.391 | O24: 17.391 | P24: 11.765 | Q24: 17.391 | R24: 17.391 | S24: 0 | T24: 0 | U24: 0 | V24: =AVERAGE(J24,M24,P24,S24) -> 16.23275 | W24: =AVERAGE(K24,N24,Q24,T24) -> 18.9025 | X24: =AVERAGE(L24,O24,R24,U24) -> 18.63875 | Y24: 13 | Z24: 007
A25: 1039 | B25: 107 | C25: Haryana | D25: Hisar | E25: CHC | F25: CHC UKLANA | G25: =VLOOKUP(F25,Hospitals!E:H,4,FALSE) -> 29.49838 , 75.87805 | H25: 45638 | I25: 45638 | J25: 34.395 | K25: 32.544 | L25: 31.25 | M25: 23.529 | N25: 17.391 | O25: 17.391 | P25: 23.529 | Q25: 17.391 | R25: 17.391 | S25: 10 | T25: 8.333 | U25: 0 | V25: =AVERAGE(J25,M25,P25,S25) -> 22.86325 | W25: =AVERAGE(K25,N25,Q25,T25) -> 18.91475 | X25: =AVERAGE(L25,O25,R25,U25) -> 16.508 | Y25: 13 | Z25: 007
A26: 962 | B26: 108 | C26: Haryana | D26: Hisar | E26: CHC | F26: CHC MIRCHPUR | G26: =VLOOKUP(F26,Hospitals!E:H,4,FALSE) -> 26.37886 , 79.40286 | H26: 45554 | I26: 45554 | J26: 35.032 | K26: 32.544 | L26: 31.25 | M26: 35.294 | N26: 26.087 | O26: 26.087 | P26: 35.294 | Q26: 26.087 | R26: 26.087 | S26: 10 | T26: 8.333 | U26: 0 | V26: =AVERAGE(J26,M26,P26,S26) -> 28.905 | W26: =AVERAGE(K26,N26,Q26,T26) -> 23.26275 | X26: =AVERAGE(L26,O26,R26,U26) -> 20.856 | Y26: 13 | Z26: 007
A27: 972 | B27: 109 | C27: Haryana | D27: Hisar | E27: CHC | F27: CHC ARYANAGAR | G27: =VLOOKUP(F27,Hospitals!E:H,4,FALSE) -> 29.11015 , 75.81853 | H27: 45553 | I27: 45553 | J27: 54.14 | K27: 50.888 | L27: 48.864 | M27: 35.294 | N27: 26.087 | O27: 26.087 | P27: 35.294 | Q27: 26.087 | R27: 26.087 | S27: 10 | T27: 8.333 | U27: 0 | V27: =AVERAGE(J27,M27,P27,S27) -> 33.682 | W27: =AVERAGE(K27,N27,Q27,T27) -> 27.84875 | X27: =AVERAGE(L27,O27,R27,U27) -> 25.2595 | Y27: 13 | Z27: 007
A28: 904 | B28: 11 | C28: Haryana | D28: Ambala | E28: PHC | F28: PHC MAJARI | G28: =VLOOKUP(F28,Hospitals!E:H,4,FALSE) -> 30.26829 , 76.77664 | H28: 45491 | I28: 45491 | J28: 35.032 | K28: 32.544 | L28: 31.25 | M28: 35.294 | N28: 26.087 | O28: 26.087 | P28: 35.294 | Q28: 26.087 | R28: 26.087 | S28: 0 | T28: 0 | U28: 0 | V28: =AVERAGE(J28,M28,P28,S28) -> 26.405 | W28: =AVERAGE(K28,N28,Q28,T28) -> 21.1795 | X28: =AVERAGE(L28,O28,R28,U28) -> 20.856 | Y28: 13 | Z28: 001
A29: 653 | B29: 110 | C29: Haryana | D29: Hisar | E29: DCH | F29: DISTRICT CIVIL HOSPITAL Hisar | G29: =VLOOKUP(F29,Hospitals!E:H,4,FALSE) -> 29.14386 , 75.72357 | H29: 45466 | I29: 45466 | J29: 100 | K29: 99.408 | L29: 99.432 | M29: 94.118 | N29: 86.957 | O29: 86.957 | P29: 94.118 | Q29: 86.957 | R29: 86.957 | S29: 40 | T29: 33.333 | U29: 14.286 | V29: =AVERAGE(J29,M29,P29,S29) -> 82.059 | W29: =AVERAGE(K29,N29,Q29,T29) -> 76.66375 | X29: =AVERAGE(L29,O29,R29,U29) -> 71.908 | Y29: 13 | Z29: 007
A30: 1254 | B30: 1101 | C30: Haryana | D30: Palwal | E30: DCH | F30: civil hospital palwal | G30: =VLOOKUP(F30,Hospitals!E:H,4,FALSE) -> 28.1354 , 77.3271 | H30: 45996 | I30: 45996 | J30: 40.127 | K30: 39.053 | L30: 38.068 | M30: 70.588 | N30: 69.565 | O30: 69.565 | P30: 70.588 | Q30: 69.565 | R30: 69.565 | S30: 30 | T30: 25 | U30: 0 | V30: =AVERAGE(J30,M30,P30,S30) -> 52.82575 | W30: =AVERAGE(K30,N30,Q30,T30) -> 50.79575 | X30: =AVERAGE(L30,O30,R30,U30) -> 44.2995 | Y30: 13 | Z30: 015
A31: 969 | B31: 111 | C31: Haryana | D31: Hisar | E31: PHC | F31: PHC LANDHRI | G31: =VLOOKUP(F31,Hospitals!E:H,4,FALSE) -> 29.38634 , 76.95565 | H31: 45524 | I31: 45524 | J31: 54.14 | K31: 50.888 | L31: 48.864 | M31: 47.059 | N31: 34.783 | O31: 34.783 | P31: 47.059 | Q31: 34.783 | R31: 34.783 | S31: 0 | T31: 0 | U31: 0 | V31: =AVERAGE(J31,M31,P31,S31) -> 37.0645 | W31: =AVERAGE(K31,N31,Q31,T31) -> 30.1135 | X31: =AVERAGE(L31,O31,R31,U31) -> 29.6075 | Y31: 13 | Z31: 007
A32: 858 | B32: 112 | C32: Haryana | D32: Hisar | E32: CHC | F32: CHC Mangali | G32: =VLOOKUP(F32,Hospitals!E:H,4,FALSE) -> 28.03182 , 76.1088 | H32: 45474 | I32: 45474 | J32: 51.592 | K32: 48.521 | L32: 46.591 | M32: 29.412 | N32: 21.739 | O32: 21.739 | P32: 29.412 | Q32: 21.739 | R32: 21.739 | S32: 20 | T32: 8.333 | U32: 0 | V32: =AVERAGE(J32,M32,P32,S32) -> 32.604 | W32: =AVERAGE(K32,N32,Q32,T32) -> 25.083 | X32: =AVERAGE(L32,O32,R32,U32) -> 22.51725 | Y32: 13 | Z32: 007
A33: 968 | B33: 113 | C33: Haryana | D33: Hisar | E33: PHC | F33: PHC KAIMARI | G33: =VLOOKUP(F33,Hospitals!E:H,4,FALSE) -> 29.04954 , 75.57425 | H33: 45524 | I33: - | J33: 45.223 | K33: 42.604 | L33: 40.909 | M33: 58.824 | N33: 43.478 | O33: 43.478 | P33: 58.824 | Q33: 43.478 | R33: 43.478 | S33: 0 | T33: 0 | U33: 0 | V33: =AVERAGE(J33,M33,P33,S33) -> 40.71775 | W33: =AVERAGE(K33,N33,Q33,T33) -> 32.39 | X33: =AVERAGE(L33,O33,R33,U33) -> 31.96625 | Y33: 13 | Z33: 007
A34: 887 | B34: 113 | C34: Haryana | D34: Hisar | E34: PHC | F34: PHC KAIMARI | G34: =VLOOKUP(F34,Hospitals!E:H,4,FALSE) -> 29.04954 , 75.57425 | H34: 45478 | I34: 45478 | J34: 45.223 | K34: 42.604 | L34: 40.909 | M34: 58.824 | N34: 43.478 | O34: 43.478 | P34: 58.824 | Q34: 43.478 | R34: 43.478 | S34: 0 | T34: 0 | U34: 0 | V34: =AVERAGE(J34,M34,P34,S34) -> 40.71775 | W34: =AVERAGE(K34,N34,Q34,T34) -> 32.39 | X34: =AVERAGE(L34,O34,R34,U34) -> 31.96625 | Y34: 13 | Z34: 007
A35: 884 | B35: 114 | C35: Haryana | D35: Hisar | E35: PHC | F35: PHC LADWA | G35: =VLOOKUP(F35,Hospitals!E:H,4,FALSE) -> 29.14919 , 75.72165 | H35: 45478 | I35: 45478 | J35: 24.841 | K35: 23.077 | L35: 22.159 | M35: 5.882 | N35: 4.348 | O35: 4.348 | P35: 5.882 | Q35: 4.348 | R35: 4.348 | S35: 0 | T35: 0 | U35: 0 | V35: =AVERAGE(J35,M35,P35,S35) -> 9.15125 | W35: =AVERAGE(K35,N35,Q35,T35) -> 7.94325 | X35: =AVERAGE(L35,O35,R35,U35) -> 7.71375 | Y35: 13 | Z35: 007
A36: 831 | B36: 115 | C36: Haryana | D36: Hisar | E36: PHC | F36: PHC NALWA | G36: =VLOOKUP(F36,Hospitals!E:H,4,FALSE) -> 29.39095 , 76.9635 | H36: 45477 | I36: 45477 | J36: 59.236 | K36: 55.621 | L36: 53.409 | M36: 52.941 | N36: 39.13 | O36: 39.13 | P36: 52.941 | Q36: 39.13 | R36: 39.13 | S36: 0 | T36: 0 | U36: 0 | V36: =AVERAGE(J36,M36,P36,S36) -> 41.2795 | W36: =AVERAGE(K36,N36,Q36,T36) -> 33.47025 | X36: =AVERAGE(L36,O36,R36,U36) -> 32.91725 | Y36: 13 | Z36: 007
A37: 871 | B37: 116 | C37: Haryana | D37: Hisar | E37: PHC | F37: PHC TALWANDI RUKKA | G37: =VLOOKUP(F37,Hospitals!E:H,4,FALSE) -> 29.13581 , 75.71701 | H37: 45475 | I37: 45475 | J37: 13.376 | K37: 12.426 | L37: 11.932 | M37: 17.647 | N37: 13.043 | O37: 13.043 | P37: 17.647 | Q37: 13.043 | R37: 13.043 | S37: 0 | T37: 0 | U37: 0 | V37: =AVERAGE(J37,M37,P37,S37) -> 12.1675 | W37: =AVERAGE(K37,N37,Q37,T37) -> 9.628 | X37: =AVERAGE(L37,O37,R37,U37) -> 9.5045 | Y37: 13 | Z37: 007
A38: 1030 | B38: 117 | C38: Haryana | D38: Hisar | E38: PHC | F38: PHC CHOUDHARYWAS | G38: =VLOOKUP(F38,Hospitals!E:H,4,FALSE) -> 29.43055 , 74.92088 | H38: 45605 | I38: 45605 | J38: 67.516 | K38: 63.314 | L38: 60.795 | M38: 23.529 | N38: 17.391 | O38: 17.391 | P38: 23.529 | Q38: 17.391 | R38: 17.391 | S38: 0 | T38: 0 | U38: 0 | V38: =AVERAGE(J38,M38,P38,S38) -> 28.6435 | W38: =AVERAGE(K38,N38,Q38,T38) -> 24.524 | X38: =AVERAGE(L38,O38,R38,U38) -> 23.89425 | Y38: 13 | Z38: 007
A39: 1063 | B39: 118 | C39: Haryana | D39: Hisar | E39: PHC | F39: PHC SATROAD KALAN | G39: =VLOOKUP(F39,Hospitals!E:H,4,FALSE) -> 29.39095 , 76.9635 | H39: 45559 | I39: 45775 | J39: 17.834 | K39: 16.568 | L39: 15.909 | M39: 0 | N39: 0 | O39: 0 | P39: 0 | Q39: 0 | R39: 0 | S39: 0 | T39: 0 | U39: 0 | V39: =AVERAGE(J39,M39,P39,S39) -> 4.4585 | W39: =AVERAGE(K39,N39,Q39,T39) -> 4.142 | X39: =AVERAGE(L39,O39,R39,U39) -> 3.97725 | Y39: 13 | Z39: 007
A40: 1061 | B40: 118 | C40: Haryana | D40: Hisar | E40: PHC | F40: PHC SATROAD KALAN | G40: =VLOOKUP(F40,Hospitals!E:H,4,FALSE) -> 29.39095 , 76.9635 | H40: 45556 | I40: 45559 | J40: 17.834 | K40: 16.568 | L40: 15.909 | M40: 0 | N40: 0 | O40: 0 | P40: 0 | Q40: 0 | R40: 0 | S40: 0 | T40: 0 | U40: 0 | V40: =AVERAGE(J40,M40,P40,S40) -> 4.4585 | W40: =AVERAGE(K40,N40,Q40,T40) -> 4.142 | X40: =AVERAGE(L40,O40,R40,U40) -> 3.97725 | Y40: 13 | Z40: 007
A41: 835 | B41: 118 | C41: Haryana | D41: Hisar | E41: PHC | F41: PHC SATROAD KALAN | G41: =VLOOKUP(F41,Hospitals!E:H,4,FALSE) -> 29.39095 , 76.9635 | H41: 45556 | I41: 45559 | J41: 17.834 | K41: 16.568 | L41: 15.909 | M41: 0 | N41: 0 | O41: 0 | P41: 0 | Q41: 0 | R41: 0 | S41: 0 | T41: 0 | U41: 0 | V41: =AVERAGE(J41,M41,P41,S41) -> 4.4585 | W41: =AVERAGE(K41,N41,Q41,T41) -> 4.142 | X41: =AVERAGE(L41,O41,R41,U41) -> 3.97725 | Y41: 13 | Z41: 007
A42: 1005 | B42: 119 | C42: Haryana | D42: Hisar | E42: PHC | F42: PHC BHANBHORI | G42: =VLOOKUP(F42,Hospitals!E:H,4,FALSE) -> 29.38962 , 76.97859 | H42: 45534 | I42: 45534 | J42: 19.108 | K42: 17.751 | L42: 17.045 | M42: 41.176 | N42: 30.435 | O42: 30.435 | P42: 41.176 | Q42: 30.435 | R42: 30.435 | S42: 0 | T42: 0 | U42: 0 | V42: =AVERAGE(J42,M42,P42,S42) -> 25.365 | W42: =AVERAGE(K42,N42,Q42,T42) -> 19.65525 | X42: =AVERAGE(L42,O42,R42,U42) -> 19.47875 | Y42: 13 | Z42: 007
A43: 1006 | B43: 119 | C43: Haryana | D43: Hisar | E43: PHC | F43: PHC BHANBHORI | G43: =VLOOKUP(F43,Hospitals!E:H,4,FALSE) -> 29.38962 , 76.97859 | H43: 45534 | I43: - | J43: 19.108 | K43: 17.751 | L43: 17.045 | M43: 41.176 | N43: 30.435 | O43: 30.435 | P43: 41.176 | Q43: 30.435 | R43: 30.435 | S43: 0 | T43: 0 | U43: 0 | V43: =AVERAGE(J43,M43,P43,S43) -> 25.365 | W43: =AVERAGE(K43,N43,Q43,T43) -> 19.65525 | X43: =AVERAGE(L43,O43,R43,U43) -> 19.47875 | Y43: 13 | Z43: 007
A44: 1004 | B44: 119 | C44: Haryana | D44: Hisar | E44: PHC | F44: PHC BHANBHORI | G44: =VLOOKUP(F44,Hospitals!E:H,4,FALSE) -> 29.38962 , 76.97859 | H44: 45534 | I44: 45534 | J44: 19.108 | K44: 17.751 | L44: 17.045 | M44: 41.176 | N44: 30.435 | O44: 30.435 | P44: 41.176 | Q44: 30.435 | R44: 30.435 | S44: 0 | T44: 0 | U44: 0 | V44: =AVERAGE(J44,M44,P44,S44) -> 25.365 | W44: =AVERAGE(K44,N44,Q44,T44) -> 19.65525 | X44: =AVERAGE(L44,O44,R44,U44) -> 19.47875 | Y44: 13 | Z44: 007
A45: 1002 | B45: 119 | C45: Haryana | D45: Hisar | E45: PHC | F45: PHC BHANBHORI | G45: =VLOOKUP(F45,Hospitals!E:H,4,FALSE) -> 29.38962 , 76.97859 | H45: 45534 | I45: 45534 | J45: 19.108 | K45: 17.751 | L45: 17.045 | M45: 41.176 | N45: 30.435 | O45: 30.435 | P45: 41.176 | Q45: 30.435 | R45: 30.435 | S45: 0 | T45: 0 | U45: 0 | V45: =AVERAGE(J45,M45,P45,S45) -> 25.365 | W45: =AVERAGE(K45,N45,Q45,T45) -> 19.65525 | X45: =AVERAGE(L45,O45,R45,U45) -> 19.47875 | Y45: 13 | Z45: 007
A46: 1248 | B46: 1192 | C46: Haryana | D46: Palwal | E46: SDH | F46: Sub-Divisional Hospital Hodal | G46: =VLOOKUP(F46,Hospitals!E:H,4,FALSE) -> #N/A | H46: 45981 | I46: 45981 | J46: 42.675 | K46: 40.237 | L46: 38.636 | M46: 47.059 | N46: 34.783 | O46: 34.783 | P46: 47.059 | Q46: 34.783 | R46: 34.783 | S46: 10 | T46: 8.333 | U46: 0 | V46: =AVERAGE(J46,M46,P46,S46) -> 36.69825 | W46: =AVERAGE(K46,N46,Q46,T46) -> 29.534 | X46: =AVERAGE(L46,O46,R46,U46) -> 27.0505 | Y46: 13 | Z46: 015
A47: 1255 | B47: 1199 | C47: Haryana | D47: Palwal | E47: CHC | F47: Aurangabad Hospital | G47: =VLOOKUP(F47,Hospitals!E:H,4,FALSE) -> 28.03306 , 77.34966 | H47: 45979 | I47: 45979 | J47: 17.834 | K47: 16.568 | L47: 15.909 | M47: 29.412 | N47: 21.739 | O47: 21.739 | P47: 29.412 | Q47: 21.739 | R47: 21.739 | S47: 10 | T47: 8.333 | U47: 0 | V47: =AVERAGE(J47,M47,P47,S47) -> 21.6645 | W47: =AVERAGE(K47,N47,Q47,T47) -> 17.09475 | X47: =AVERAGE(L47,O47,R47,U47) -> 14.84675 | Y47: 13 | Z47: 015
A48: 907 | B48: 12 | C48: Haryana | D48: Ambala | E48: PHC | F48: PHC NAGGAL | G48: =VLOOKUP(F48,Hospitals!E:H,4,FALSE) -> 29.80577 , 76.40515 | H48: 45488 | I48: 45489 | J48: 59.873 | K48: 56.805 | L48: 54.545 | M48: 11.765 | N48: 8.696 | O48: 8.696 | P48: 11.765 | Q48: 8.696 | R48: 8.696 | S48: 0 | T48: 0 | U48: 0 | V48: =AVERAGE(J48,M48,P48,S48) -> 20.85075 | W48: =AVERAGE(K48,N48,Q48,T48) -> 18.54925 | X48: =AVERAGE(L48,O48,R48,U48) -> 17.98425 | Y48: 13 | Z48: 001
A49: 902 | B49: 12 | C49: Haryana | D49: Ambala | E49: PHC | F49: PHC NAGGAL | G49: =VLOOKUP(F49,Hospitals!E:H,4,FALSE) -> 29.80577 , 76.40515 | H49: 45488 | I49: 45489 | J49: 59.873 | K49: 56.805 | L49: 54.545 | M49: 11.765 | N49: 8.696 | O49: 8.696 | P49: 11.765 | Q49: 8.696 | R49: 8.696 | S49: 0 | T49: 0 | U49: 0 | V49: =AVERAGE(J49,M49,P49,S49) -> 20.85075 | W49: =AVERAGE(K49,N49,Q49,T49) -> 18.54925 | X49: =AVERAGE(L49,O49,R49,U49) -> 17.98425 | Y49: 13 | Z49: 001
A50: 1038 | B50: 120 | C50: Haryana | D50: Hisar | E50: PHC | F50: PHC DAULATPUR | G50: =VLOOKUP(F50,Hospitals!E:H,4,FALSE) -> 29.33752 , 76.09388 | H50: 45749 | I50: 45749 | J50: 22.93 | K50: 21.302 | L50: 20.455 | M50: 11.765 | N50: 8.696 | O50: 8.696 | P50: 11.765 | Q50: 8.696 | R50: 8.696 | S50: 0 | T50: 0 | U50: 0 | V50: =AVERAGE(J50,M50,P50,S50) -> 11.615 | W50: =AVERAGE(K50,N50,Q50,T50) -> 9.6735 | X50: =AVERAGE(L50,O50,R50,U50) -> 9.46175 | Y50: 13 | Z50: 007
A51: 1169 | B51: 120 | C51: Haryana | D51: Hisar | E51: PHC | F51: PHC DAULATPUR | G51: =VLOOKUP(F51,Hospitals!E:H,4,FALSE) -> 29.33752 , 76.09388 | H51: 45749 | I51: - | J51: 22.93 | K51: 21.302 | L51: 20.455 | M51: 11.765 | N51: 8.696 | O51: 8.696 | P51: 11.765 | Q51: 8.696 | R51: 8.696 | S51: 0 | T51: 0 | U51: 0 | V51: =AVERAGE(J51,M51,P51,S51) -> 11.615 | W51: =AVERAGE(K51,N51,Q51,T51) -> 9.6735 | X51: =AVERAGE(L51,O51,R51,U51) -> 9.46175 | Y51: 13 | Z51: 007
A52: 1280 | B52: 1200 | C52: Haryana | D52: Palwal | E52: CHC | F52: CHC Alawalpur | G52: =VLOOKUP(F52,Hospitals!E:H,4,FALSE) -> 28.36726 , 77.32593 | H52: 45980 | I52: 45980 | J52: 56.688 | K52: 52.663 | L52: 50.568 | M52: 29.412 | N52: 21.739 | O52: 21.739 | P52: 29.412 | Q52: 21.739 | R52: 21.739 | S52: 10 | T52: 8.333 | U52: 0 | V52: =AVERAGE(J52,M52,P52,S52) -> 31.378 | W52: =AVERAGE(K52,N52,Q52,T52) -> 26.1185 | X52: =AVERAGE(L52,O52,R52,U52) -> 23.5115 | Y52: 13 | Z52: 015
A53: 1282 | B53: 1202 | C53: Haryana | D53: Palwal | E53: CHC | F53: CHC Soundh Palwal | G53: =VLOOKUP(F53,Hospitals!E:H,4,FALSE) -> 27.91666 , 77.331 | H53: 45979 | I53: 45979 | J53: 30.573 | K53: 28.402 | L53: 27.273 | M53: 29.412 | N53: 21.739 | O53: 21.739 | P53: 29.412 | Q53: 21.739 | R53: 21.739 | S53: 0 | T53: 0 | U53: 0 | V53: =AVERAGE(J53,M53,P53,S53) -> 22.34925 | W53: =AVERAGE(K53,N53,Q53,T53) -> 17.97 | X53: =AVERAGE(L53,O53,R53,U53) -> 17.68775 | Y53: 13 | Z53: 015
A54: 1253 | B54: 1203 | C54: Haryana | D54: Palwal | E54: CHC | F54: CHC Badoli | G54: =VLOOKUP(F54,Hospitals!E:H,4,FALSE) -> 28.35415 , 77.32593 | H54: 45957 | I54: 45957 | J54: 18.471 | K54: 17.751 | L54: 17.045 | M54: 29.412 | N54: 21.739 | O54: 21.739 | P54: 29.412 | Q54: 21.739 | R54: 21.739 | S54: 0 | T54: 0 | U54: 0 | V54: =AVERAGE(J54,M54,P54,S54) -> 19.32375 | W54: =AVERAGE(K54,N54,Q54,T54) -> 15.30725 | X54: =AVERAGE(L54,O54,R54,U54) -> 15.13075 | Y54: 13 | Z54: 015
A55: 1259 | B55: 1204 | C55: Haryana | D55: Palwal | E55: PHC | F55: phc solra | G55: =VLOOKUP(F55,Hospitals!E:H,4,FALSE) -> 28.15565 , 77.31233 | H55: 45981 | I55: 45981 | J55: 7.643 | K55: 7.101 | L55: 6.818 | M55: 17.647 | N55: 13.043 | O55: 13.043 | P55: 17.647 | Q55: 13.043 | R55: 13.043 | S55: 0 | T55: 0 | U55: 0 | V55: =AVERAGE(J55,M55,P55,S55) -> 10.73425 | W55: =AVERAGE(K55,N55,Q55,T55) -> 8.29675 | X55: =AVERAGE(L55,O55,R55,U55) -> 8.226 | Y55: 13 | Z55: 015
A56: 1271 | B56: 1205 | C56: Haryana | D56: Palwal | E56: PHC | F56: PHC Mandkola | G56: =VLOOKUP(F56,Hospitals!E:H,4,FALSE) -> 28.13259 , 77.1765 | H56: 45988 | I56: 45988 | J56: 5.096 | K56: 5.325 | L56: 5.114 | M56: 5.882 | N56: 4.348 | O56: 4.348 | P56: 5.882 | Q56: 4.348 | R56: 4.348 | S56: 0 | T56: 0 | U56: 0 | V56: =AVERAGE(J56,M56,P56,S56) -> 4.215 | W56: =AVERAGE(K56,N56,Q56,T56) -> 3.50525 | X56: =AVERAGE(L56,O56,R56,U56) -> 3.4525 | Y56: 13 | Z56: 015
A57: 1286 | B57: 1208 | C57: Haryana | D57: Palwal | E57: CHC | F57: CHC Hathin | G57: =VLOOKUP(F57,Hospitals!E:H,4,FALSE) -> 28.00764 , 77.22254 | H57: 45988 | I57: 45988 | J57: 19.108 | K57: 18.935 | L57: 18.182 | M57: 35.294 | N57: 26.087 | O57: 26.087 | P57: 35.294 | Q57: 26.087 | R57: 26.087 | S57: 0 | T57: 0 | U57: 0 | V57: =AVERAGE(J57,M57,P57,S57) -> 22.424 | W57: =AVERAGE(K57,N57,Q57,T57) -> 17.77725 | X57: =AVERAGE(L57,O57,R57,U57) -> 17.589 | Y57: 13 | Z57: 015
A58: 1285 | B58: 1209 | C58: Haryana | D58: Palwal | E58: PHC | F58: PHC Bhulwana | G58: =VLOOKUP(F58,Hospitals!E:H,4,FALSE) -> 28.15565 , 77.31233 | H58: 45981 | I58: 45981 | J58: 10.191 | K58: 9.467 | L58: 9.091 | M58: 11.765 | N58: 8.696 | O58: 8.696 | P58: 11.765 | Q58: 8.696 | R58: 8.696 | S58: 0 | T58: 0 | U58: 0 | V58: =AVERAGE(J58,M58,P58,S58) -> 8.43025 | W58: =AVERAGE(K58,N58,Q58,T58) -> 6.71475 | X58: =AVERAGE(L58,O58,R58,U58) -> 6.62075 | Y58: 13 | Z58: 015
A59: 832 | B59: 121 | C59: Haryana | D59: Hisar | E59: PHC | F59: PHC HASANGARH | G59: =VLOOKUP(F59,Hospitals!E:H,4,FALSE) -> 28.99308 , 77.01507 | H59: 45554 | I59: 45554 | J59: 7.006 | K59: 6.509 | L59: 6.25 | M59: 0 | N59: 0 | O59: 0 | P59: 0 | Q59: 0 | R59: 0 | S59: 10 | T59: 8.333 | U59: 0 | V59: =AVERAGE(J59,M59,P59,S59) -> 4.2515 | W59: =AVERAGE(K59,N59,Q59,T59) -> 3.7105 | X59: =AVERAGE(L59,O59,R59,U59) -> 1.5625 | Y59: 13 | Z59: 007
A60: 1283 | B60: 1210 | C60: Haryana | D60: Palwal | E60: PHC | F60: PHC Hasanpur | G60: =VLOOKUP(F60,Hospitals!E:H,4,FALSE) -> 27.97015 , 77.4931 | H60: 45987 | I60: 45988 | J60: 20.382 | K60: 18.935 | L60: 18.182 | M60: 17.647 | N60: 13.043 | O60: 13.043 | P60: 17.647 | Q60: 13.043 | R60: 13.043 | S60: 10 | T60: 8.333 | U60: 0 | V60: =AVERAGE(J60,M60,P60,S60) -> 16.419 | W60: =AVERAGE(K60,N60,Q60,T60) -> 13.3385 | X60: =AVERAGE(L60,O60,R60,U60) -> 11.067 | Y60: 13 | Z60: 015
A61: 1260 | B61: 1211 | C61: Haryana | D61: Palwal | E61: PHC | F61: PHC Khambi | G61: =VLOOKUP(F61,Hospitals!E:H,4,FALSE) -> 28.34092 , 77.31635 | H61: 45959 | I61: 45960 | J61: 0 | K61: 0 | L61: 0 | M61: 0 | N61: 0 | O61: 0 | P61: 0 | Q61: 0 | R61: 0 | S61: 0 | T61: 0 | U61: 0 | V61: =AVERAGE(J61,M61,P61,S61) -> 0 | W61: =AVERAGE(K61,N61,Q61,T61) -> 0 | X61: =AVERAGE(L61,O61,R61,U61) -> 0 | Y61: 13 | Z61: 015
A62: 1274 | B62: 1212 | C62: Haryana | D62: Palwal | E62: PHC | F62: PHC Rasulpur | G62: =VLOOKUP(F62,Hospitals!E:H,4,FALSE) -> 28.99308 , 77.01507 | H62: 45964 | I62: 45964 | J62: 0.637 | K62: 0.592 | L62: 0.568 | M62: 0 | N62: 0 | O62: 0 | P62: 0 | Q62: 0 | R62: 0 | S62: 0 | T62: 0 | U62: 0 | V62: =AVERAGE(J62,M62,P62,S62) -> 0.15925 | W62: =AVERAGE(K62,N62,Q62,T62) -> 0.148 | X62: =AVERAGE(L62,O62,R62,U62) -> 0.142 | Y62: 13 | Z62: 015
A63: 1289 | B63: 1212 | C63: Haryana | D63: Palwal | E63: PHC | F63: PHC Rasulpur | G63: =VLOOKUP(F63,Hospitals!E:H,4,FALSE) -> 28.99308 , 77.01507 | H63: 45980 | I63: 45981 | J63: 0.637 | K63: 0.592 | L63: 0.568 | M63: 23.529 | N63: 17.391 | O63: 17.391 | P63: 23.529 | Q63: 17.391 | R63: 17.391 | S63: 0 | T63: 0 | U63: 0 | V63: =AVERAGE(J63,M63,P63,S63) -> 11.92375 | W63: =AVERAGE(K63,N63,Q63,T63) -> 8.8435 | X63: =AVERAGE(L63,O63,R63,U63) -> 8.8375 | Y63: 13 | Z63: 015
... A87: 1052 | B87: 131 | C87: Haryana | D87: Hisar | E87: PHC | F87: PHC KHERI LACHAB | G87: =VLOOKUP(F87,Hospitals!E:H,4,FALSE) -> 29.32519 , 76.34022 | H87: 45555 | I87: 45555 | J87: 15.924 | K87: 14.793 | L87: 14.205 | M87: 17.647 | N87: 13.043 | O87: 13.043 | P87: 17.647 | Q87: 13.043 | R87: 13.043 | S87: 0 | T87: 0 | U87: 0 | V87: =AVERAGE(J87,M87,P87,S87) -> 12.8045 | W87: =AVERAGE(K87,N87,Q87,T87) -> 10.21975 | X87: =AVERAGE(L87,O87,R87,U87) -> 10.07275 | Y87: 13 | Z87: 007
A88: 1123 | B88: 132 | C88: Haryana | D88: Hisar | E88: PHC | F88: PHC CHULI BAGRIAN | G88: =VLOOKUP(F88,Hospitals!E:H,4,FALSE) -> 28.99051 , 76.98735 | H88: 45666 | I88: - | J88: 0.637 | K88: 0.592 | L88: 0.568 | M88: 17.647 | N88: 13.043 | O88: 13.043 | P88: 17.647 | Q88: 13.043 | R88: 13.043 | S88: 0 | T88: 0 | U88: 0 | V88: =AVERAGE(J88,M88,P88,S88) -> 8.98275 | W88: =AVERAGE(K88,N88,Q88,T88) -> 6.6695 | X88: =AVERAGE(L88,O88,R88,U88) -> 6.6635 | Y88: 13 | Z88: 007
A89: 1045 | B89: 132 | C89: Haryana | D89: Hisar | E89: PHC | F89: PHC CHULI BAGRIAN | G89: =VLOOKUP(F89,Hospitals!E:H,4,FALSE) -> 28.99051 , 76.98735 | H89: 45600 | I89: 45600 | J89: 0.637 | K89: 0.592 | L89: 0.568 | M89: 17.647 | N89: 13.043 | O89: 13.043 | P89: 17.647 | Q89: 13.043 | R89: 13.043 | S89: 0 | T89: 0 | U89: 0 | V89: =AVERAGE(J89,M89,P89,S89) -> 8.98275 | W89: =AVERAGE(K89,N89,Q89,T89) -> 6.6695 | X89: =AVERAGE(L89,O89,R89,U89) -> 6.6635 | Y89: 13 | Z89: 007
A90: 1050 | B90: 133 | C90: Haryana | D90: Hisar | E90: PHC | F90: PHC DOBHI | G90: =VLOOKUP(F90,Hospitals!E:H,4,FALSE) -> 28.90345 , 76.57194 | H90: 45572 | I90: 45572 | J90: 14.65 | K90: 13.609 | L90: 13.068 | M90: 11.765 | N90: 8.696 | O90: 8.696 | P90: 11.765 | Q90: 8.696 | R90: 8.696 | S90: 0 | T90: 0 | U90: 0 | V90: =AVERAGE(J90,M90,P90,S90) -> 9.545 | W90: =AVERAGE(K90,N90,Q90,T90) -> 7.75025 | X90: =AVERAGE(L90,O90,R90,U90) -> 7.615 | Y90: 13 | Z90: 007
A91: 1047 | B91: 134 | C91: Haryana | D91: Hisar | E91: PHC | F91: PHC KAJLAN | G91: =VLOOKUP(F91,Hospitals!E:H,4,FALSE) -> 29.21934 , 75.79513 | H91: 45554 | I91: 45554 | J91: 58.599 | K91: 54.438 | L91: 52.273 | M91: 23.529 | N91: 17.391 | O91: 17.391 | P91: 23.529 | Q91: 17.391 | R91: 17.391 | S91: 0 | T91: 0 | U91: 0 | V91: =AVERAGE(J91,M91,P91,S91) -> 26.41425 | W91: =AVERAGE(K91,N91,Q91,T91) -> 22.305 | X91: =AVERAGE(L91,O91,R91,U91) -> 21.76375 | Y91: 13 | Z91: 007
A92: 1042 | B92: 135 | C92: Haryana | D92: Hisar | E92: PHC | F92: PHC NEOLI KALAN | G92: =VLOOKUP(F92,Hospitals!E:H,4,FALSE) -> 29.12541 , 75.74878 | H92: 45573 | I92: 45573 | J92: 48.408 | K92: 44.97 | L92: 43.182 | M92: 11.765 | N92: 8.696 | O92: 8.696 | P92: 11.765 | Q92: 8.696 | R92: 8.696 | S92: 0 | T92: 0 | U92: 0 | V92: =AVERAGE(J92,M92,P92,S92) -> 17.9845 | W92: =AVERAGE(K92,N92,Q92,T92) -> 15.5905 | X92: =AVERAGE(L92,O92,R92,U92) -> 15.1435 | Y92: 13 | Z92: 007
A93: 1078 | B93: 135 | C93: Haryana | D93: Hisar | E93: PHC | F93: PHC NEOLI KALAN | G93: =VLOOKUP(F93,Hospitals!E:H,4,FALSE) -> 29.12541 , 75.74878 | H93: 45573 | I93: 45573 | J93: 48.408 | K93: 44.97 | L93: 43.182 | M93: 11.765 | N93: 8.696 | O93: 8.696 | P93: 11.765 | Q93: 8.696 | R93: 8.696 | S93: 0 | T93: 0 | U93: 0 | V93: =AVERAGE(J93,M93,P93,S93) -> 17.9845 | W93: =AVERAGE(K93,N93,Q93,T93) -> 15.5905 | X93: =AVERAGE(L93,O93,R93,U93) -> 15.1435 | Y93: 13 | Z93: 007
A94: 1062 | B94: 136 | C94: Haryana | D94: Hisar | E94: PHC | F94: PHC BASS | G94: =VLOOKUP(F94,Hospitals!E:H,4,FALSE) -> 29.04954 , 75.57425 | H94: 45727 | I94: 45727 | J94: 26.752 | K94: 24.852 | L94: 23.864 | M94: 11.765 | N94: 17.391 | O94: 17.391 | P94: 11.765 | Q94: 17.391 | R94: 17.391 | S94: 0 | T94: 0 | U94: 0 | V94: =AVERAGE(J94,M94,P94,S94) -> 12.5705 | W94: =AVERAGE(K94,N94,Q94,T94) -> 14.9085 | X94: =AVERAGE(L94,O94,R94,U94) -> 14.6615 | Y94: 13 | Z94: 007
A95: 1058 | B95: 137 | C95: Haryana | D95: Hisar | E95: PHC | F95: PHC PUTHI SAMIN | G95: =VLOOKUP(F95,Hospitals!E:H,4,FALSE) -> 28.98002 , 76.30029 | H95: 45679 | I95: 45679 | J95: 14.65 | K95: 14.201 | L95: 13.636 | M95: 17.647 | N95: 13.043 | O95: 13.043 | P95: 17.647 | Q95: 13.043 | R95: 13.043 | S95: 0 | T95: 0 | U95: 0 | V95: =AVERAGE(J95,M95,P95,S95) -> 12.486 | W95: =AVERAGE(K95,N95,Q95,T95) -> 10.07175 | X95: =AVERAGE(L95,O95,R95,U95) -> 9.9305 | Y95: 13 | Z95: 007
A96: 1175 | B96: 137 | C96: Haryana | D96: Hisar | E96: PHC | F96: PHC PUTHI SAMIN | G96: =VLOOKUP(F96,Hospitals!E:H,4,FALSE) -> 28.98002 , 76.30029 | H96: 45775 | I96: 45775 | J96: 14.65 | K96: 14.201 | L96: 13.636 | M96: 17.647 | N96: 13.043 | O96: 13.043 | P96: 17.647 | Q96: 13.043 | R96: 13.043 | S96: 0 | T96: 0 | U96: 0 | V96: =AVERAGE(J96,M96,P96,S96) -> 12.486 | W96: =AVERAGE(K96,N96,Q96,T96) -> 10.07175 | X96: =AVERAGE(L96,O96,R96,U96) -> 9.9305 | Y96: 13 | Z96: 007
A97: 1054 | B97: 138 | C97: Haryana | D97: Hisar | E97: PHC | F97: PHC THURANA | G97: =VLOOKUP(F97,Hospitals!E:H,4,FALSE) -> 28.62612 , 77.24401 | H97: 45751 | I97: 45751 | J97: 50.318 | K97: 47.337 | L97: 45.455 | M97: 29.412 | N97: 21.739 | O97: 21.739 | P97: 29.412 | Q97: 21.739 | R97: 21.739 | S97: 0 | T97: 0 | U97: 0 | V97: =AVERAGE(J97,M97,P97,S97) -> 27.2855 | W97: =AVERAGE(K97,N97,Q97,T97) -> 22.70375 | X97: =AVERAGE(L97,O97,R97,U97) -> 22.23325 | Y97: 13 | Z97: 007
A98: 961 | B98: 139 | C98: Haryana | D98: Hisar | E98: PHC | F98: PHC PUTHI MANGAL KAHAN | G98: =VLOOKUP(F98,Hospitals!E:H,4,FALSE) -> 29.76741 , 74.89748 | H98: 45520 | I98: 45520 | J98: 5.096 | K98: 4.734 | L98: 4.545 | M98: 17.647 | N98: 13.043 | O98: 13.043 | P98: 17.647 | Q98: 13.043 | R98: 13.043 | S98: 0 | T98: 0 | U98: 0 | V98: =AVERAGE(J98,M98,P98,S98) -> 10.0975 | W98: =AVERAGE(K98,N98,Q98,T98) -> 7.705 | X98: =AVERAGE(L98,O98,R98,U98) -> 7.65775 | Y98: 13 | Z98: 007
A99: 911 | B99: 14 | C99: Haryana | D99: Ambala | E99: PHC | F99: PHC NURPUR | G99: =VLOOKUP(F99,Hospitals!E:H,4,FALSE) -> 30.37428 , 77.09605 | H99: 45491 | I99: 45491 | J99: 15.924 | K99: 14.793 | L99: 14.205 | M99: 11.765 | N99: 8.696 | O99: 8.696 | P99: 11.765 | Q99: 8.696 | R99: 8.696 | S99: 0 | T99: 0 | U99: 0 | V99: =AVERAGE(J99,M99,P99,S99) -> 9.8635 | W99: =AVERAGE(K99,N99,Q99,T99) -> 8.04625 | X99: =AVERAGE(L99,O99,R99,U99) -> 7.89925 | Y99: 13 | Z99: 001
A100: 1060 | B100: 140 | C100: Haryana | D100: Hisar | E100: PHC | F100: PHC SINDHAR | G100: =VLOOKUP(F100,Hospitals!E:H,4,FALSE) -> 29.3634 , 75.87758 | H100: 45560 | I100: 45560 | J100: 7.643 | K100: 7.101 | L100: 6.818 | M100: 29.412 | N100: 26.087 | O100: 26.087 | P100: 29.412 | Q100: 26.087 | R100: 26.087 | S100: 0 | T100: 0 | U100: 0 | V100: =AVERAGE(J100,M100,P100,S100) -> 16.61675 | W100: =AVERAGE(K100,N100,Q100,T100) -> 14.81875 | X100: =AVERAGE(L100,O100,R100,U100) -> 14.748 | Y100: 13 | Z100: 007
A101: 1066 | B101: 140 | C101: Haryana | D101: Hisar | E101: PHC | F101: PHC SINDHAR | G101: =VLOOKUP(F101,Hospitals!E:H,4,FALSE) -> 29.3634 , 75.87758 | H101: 45560 | I101: - | J101: 7.643 | K101: 7.101 | L101: 6.818 | M101: 29.412 | N101: 26.087 | O101: 26.087 | P101: 29.412 | Q101: 26.087 | R101: 26.087 | S101: 0 | T101: 0 | U101: 0 | V101: =AVERAGE(J101,M101,P101,S101) -> 16.61675 | W101: =AVERAGE(K101,N101,Q101,T101) -> 14.81875 | X101: =AVERAGE(L101,O101,R101,U101) -> 14.748 | Y101: 13 | Z101: 007
A102: 325 | B102: 141 | C102: Haryana | D102: Hisar | E102: Private | F102: GEETANJALI HOPITAL | G102: =VLOOKUP(F102,Hospitals!E:H,4,FALSE) -> 29.14643 , 75.74877 | H102: 45380 | I102: 45380 | J102: 98.726 | K102: 97.633 | L102: 96.023 | M102: 100 | N102: 95.652 | O102: 95.652 | P102: 100 | Q102: 95.652 | R102: 95.652 | S102: 10 | T102: 16.667 | U102: 7.143 | V102: =AVERAGE(J102,M102,P102,S102) -> 77.1815 | W102: =AVERAGE(K102,N102,Q102,T102) -> 76.401 | X102: =AVERAGE(L102,O102,R102,U102) -> 73.6175 | Y102: 13 | Z102: 007
A103: 1152 | B103: 141 | C103: Haryana | D103: Hisar | E103: Private | F103: GEETANJALI HOPITAL | G103: =VLOOKUP(F103,Hospitals!E:H,4,FALSE) -> 29.14643 , 75.74877 | H103: 45681 | I103: 45681 | J103: 98.726 | K103: 97.633 | L103: 96.023 | M103: 100 | N103: 95.652 | O103: 95.652 | P103: 100 | Q103: 95.652 | R103: 95.652 | S103: 10 | T103: 16.667 | U103: 7.143 | V103: =AVERAGE(J103,M103,P103,S103) -> 77.1815 | W103: =AVERAGE(K103,N103,Q103,T103) -> 76.401 | X103: =AVERAGE(L103,O103,R103,U103) -> 73.6175 | Y103: 13 | Z103: 007
A104: 310 | B104: 148 | C104: Haryana | D104: Hisar | E104: Private | F104: SHAKTI NEURO SCIENCE CENTRE | G104: =VLOOKUP(F104,Hospitals!E:H,4,FALSE) -> 28.64251 , 77.08672 | H104: 45638 | I104: 45638 | J104: 57.962 | K104: 56.805 | L104: 54.545 | M104: 47.059 | N104: 43.478 | O104: 43.478 | P104: 47.059 | Q104: 43.478 | R104: 43.478 | S104: 0 | T104: 0 | U104: 7.143 | V104: =AVERAGE(J104,M104,P104,S104) -> 38.02 | W104: =AVERAGE(K104,N104,Q104,T104) -> 35.94025 | X104: =AVERAGE(L104,O104,R104,U104) -> 37.161 | Y104: 13 | Z104: 007
A105: 899 | B105: 15 | C105: Haryana | D105: Ambala | E105: PHC | F105: PHC PANJOKHRA | G105: =VLOOKUP(F105,Hospitals!E:H,4,FALSE) -> 30.40687 , 76.84924 | H105: 45488 | I105: 45488 | J105: 24.204 | K105: 22.485 | L105: 21.591 | M105: 11.765 | N105: 8.696 | O105: 8.696 | P105: 11.765 | Q105: 8.696 | R105: 8.696 | S105: 0 | T105: 0 | U105: 0 | V105: =AVERAGE(J105,M105,P105,S105) -> 11.9335 | W105: =AVERAGE(K105,N105,Q105,T105) -> 9.96925 | X105: =AVERAGE(L105,O105,R105,U105) -> 9.74575 | Y105: 13 | Z105: 001
A106: 829 | B106: 151 | C106: Haryana | D106: Hisar | E106: Private | F106: SARVODAYA MULTISPECIALITY & CANCER HOSPITAL | G106: =VLOOKUP(F106,Hospitals!E:H,4,FALSE) -> 29.1413 , 75.73265 | H106: 45553 | I106: 45553 | J106: 97.452 | K106: 97.633 | L106: 97.159 | M106: 88.235 | N106: 91.304 | O106: 91.304 | P106: 88.235 | Q106: 91.304 | R106: 91.304 | S106: 70 | T106: 75 | U106: 42.857 | V106: =AVERAGE(J106,M106,P106,S106) -> 85.9805 | W106: =AVERAGE(K106,N106,Q106,T106) -> 88.81025 | X106: =AVERAGE(L106,O106,R106,U106) -> 80.656 | Y106: 13 | Z106: 007
A107: 1151 | B107: 151 | C107: Haryana | D107: Hisar | E107: Private | F107: SARVODAYA MULTISPECIALITY & CANCER HOSPITAL | G107: =VLOOKUP(F107,Hospitals!E:H,4,FALSE) -> 29.1413 , 75.73265 | H107: 45681 | I107: - | J107: 97.452 | K107: 97.633 | L107: 97.159 | M107: 88.235 | N107: 91.304 | O107: 91.304 | P107: 88.235 | Q107: 91.304 | R107: 91.304 | S107: 70 | T107: 75 | U107: 42.857 | V107: =AVERAGE(J107,M107,P107,S107) -> 85.9805 | W107: =AVERAGE(K107,N107,Q107,T107) -> 88.81025 | X107: =AVERAGE(L107,O107,R107,U107) -> 80.656 | Y107: 13 | Z107: 007
A108: 814 | B108: 153 | C108: Haryana | D108: Hisar | E108: Private | F108: MAHATMA GANDHI INSTITUTE OF MEDICAL SCIENCES | G108: =VLOOKUP(F108,Hospitals!E:H,4,FALSE) -> 29.12291 , 75.7226 | H108: 45684 | I108: 45684 | J108: 96.815 | K108: 96.45 | L108: 95.455 | M108: 82.353 | N108: 82.609 | O108: 82.609 | P108: 82.353 | Q108: 82.609 | R108: 82.609 | S108: 10 | T108: 16.667 | U108: 7.143 | V108: =AVERAGE(J108,M108,P108,S108) -> 67.88025 | W108: =AVERAGE(K108,N108,Q108,T108) -> 69.58375 | X108: =AVERAGE(L108,O108,R108,U108) -> 66.954 | Y108: 13 | Z108: 007
A109: 329 | B109: 159 | C109: Haryana | D109: Hisar | E109: Private | F109: SUKHDA MULTISPECIALITY HOSPITAL | G109: =VLOOKUP(F109,Hospitals!E:H,4,FALSE) -> #N/A | H109: 45370 | I109: 45370 | J109: 99.363 | K109: 98.817 | L109: 98.864 | M109: 100 | N109: 95.652 | O109: 95.652 | P109: 100 | Q109: 95.652 | R109: 95.652 | S109: 60 | T109: 58.333 | U109: 28.571 | V109: =AVERAGE(J109,M109,P109,S109) -> 89.84075 | W109: =AVERAGE(K109,N109,Q109,T109) -> 87.1135 | X109: =AVERAGE(L109,O109,R109,U109) -> 79.68475 | Y109: 13 | Z109: 007
A110: 311 | B110: 159 | C110: Haryana | D110: Hisar | E110: Private | F110: SUKHDA MULTISPECIALITY HOSPITAL | G110: =VLOOKUP(F110,Hospitals!E:H,4,FALSE) -> #N/A | H110: 45355 | I110: 45357 | J110: 0 | K110: 0 | L110: 0 | M110: 0 | N110: 0 | O110: 0 | P110: 0 | Q110: 0 | R110: 0 | S110: 0 | T110: 0 | U110: 0 | V110: =AVERAGE(J110,M110,P110,S110) -> 0 | W110: =AVERAGE(K110,N110,Q110,T110) -> 0 | X110: =AVERAGE(L110,O110,R110,U110) -> 0 | Y110: 13 | Z110: 007
A111: 771 | B111: 16 | C111: Haryana | D111: Ambala | E111: PHC | F111: PHC BIHTA | G111: =VLOOKUP(F111,Hospitals!E:H,4,FALSE) -> 30.28297 , 76.71056 | H111: 45441 | I111: 45441 | J111: 39.49 | K111: 37.278 | L111: 35.795 | M111: 29.412 | N111: 21.739 | O111: 21.739 | P111: 29.412 | Q111: 21.739 | R111: 21.739 | S111: 0 | T111: 0 | U111: 0 | V111: =AVERAGE(J111,M111,P111,S111) -> 24.5785 | W111: =AVERAGE(K111,N111,Q111,T111) -> 20.189 | X111: =AVERAGE(L111,O111,R111,U111) -> 19.81825 | Y111: 13 | Z111: 001
A112: 1146 | B112: 161 | C112: Haryana | D112: Hisar | E112: Private | F112: VARDAAN HOSPITAL | G112: =VLOOKUP(F112,Hospitals!E:H,4,FALSE) -> 30.15485 , 77.30833 | H112: 45694 | I112: - | J112: 84.713 | K112: 83.432 | L112: 82.386 | M112: 58.824 | N112: 60.87 | O112: 60.87 | P112: 58.824 | Q112: 60.87 | R112: 60.87 | S112: 0 | T112: 0 | U112: 0 | V112: =AVERAGE(J112,M112,P112,S112) -> 50.59025 | W112: =AVERAGE(K112,N112,Q112,T112) -> 51.293 | X112: =AVERAGE(L112,O112,R112,U112) -> 51.0315 | Y112: 13 | Z112: 007
A113: 847 | B113: 162 | C113: Haryana | D113: Hisar | E113: SDH | F113: SUB DIVISIONAL CIVIL HOSPITAL HANSI | G113: =VLOOKUP(F113,Hospitals!E:H,4,FALSE) -> 29.09333 , 75.95596 | H113: 45554 | I113: 45554 | J113: 56.688 | K113: 54.438 | L113: 53.409 | M113: 58.824 | N113: 43.478 | O113: 43.478 | P113: 58.824 | Q113: 43.478 | R113: 43.478 | S113: 10 | T113: 8.333 | U113: 7.143 | V113: =AVERAGE(J113,M113,P113,S113) -> 46.084 | W113: =AVERAGE(K113,N113,Q113,T113) -> 37.43175 | X113: =AVERAGE(L113,O113,R113,U113) -> 36.877 | Y113: 13 | Z113: 007
A114: 837 | B114: 163 | C114: Haryana | D114: Hisar | E114: SDH | F114: SUB DIVISIONAL CIVIL HOSPITAL ADAMPUR | G114: =VLOOKUP(F114,Hospitals!E:H,4,FALSE) -> 29.28447 , 75.49563 | H114: 45575 | I114: 45575 | J114: 52.866 | K114: 49.112 | L114: 47.159 | M114: 64.706 | N114: 47.826 | O114: 47.826 | P114: 64.706 | Q114: 47.826 | R114: 47.826 | S114: 20 | T114: 8.333 | U114: 7.143 | V114: =AVERAGE(J114,M114,P114,S114) -> 50.5695 | W114: =AVERAGE(K114,N114,Q114,T114) -> 38.27425 | X114: =AVERAGE(L114,O114,R114,U114) -> 37.4885 | Y114: 13 | Z114: 007
A115: 306 | B115: 164 | C115: Haryana | D115: Hisar | E115: Private | F115: SARVESH HEALTH CITY HISAR | G115: =VLOOKUP(F115,Hospitals!E:H,4,FALSE) -> 29.16573 , 75.71986 | H115: 45607 | I115: 45607 | J115: 91.72 | K115: 92.308 | L115: 90.909 | M115: 100 | N115: 100 | O115: 100 | P115: 100 | Q115: 100 | R115: 100 | S115: 60 | T115: 66.667 | U115: 42.857 | V115: =AVERAGE(J115,M115,P115,S115) -> 87.93 | W115: =AVERAGE(K115,N115,Q115,T115) -> 89.74375 | X115: =AVERAGE(L115,O115,R115,U115) -> 83.4415 | Y115: 13 | Z115: 007
A116: 903 | B116: 17 | C116: Haryana | D116: Ambala | E116: PHC | F116: PHC KESRI | G116: =VLOOKUP(F116,Hospitals!E:H,4,FALSE) -> 30.28297 , 76.71056 | H116: 45495 | I116: 45495 | J116: 13.376 | K116: 13.018 | L116: 12.5 | M116: 17.647 | N116: 13.043 | O116: 13.043 | P116: 17.647 | Q116: 13.043 | R116: 13.043 | S116: 0 | T116: 0 | U116: 0 | V116: =AVERAGE(J116,M116,P116,S116) -> 12.1675 | W116: =AVERAGE(K116,N116,Q116,T116) -> 9.776 | X116: =AVERAGE(L116,O116,R116,U116) -> 9.6465 | Y116: 13 | Z116: 001
A117: 822 | B117: 171 | C117: Haryana | D117: Hisar | E117: SDH | F117: SDH Narnaund | G117: =VLOOKUP(F117,Hospitals!E:H,4,FALSE) -> 29.43055 , 74.92088 | H117: 45572 | I117: 45572 | J117: 45.86 | K117: 43.787 | L117: 42.614 | M117: 52.941 | N117: 39.13 | O117: 39.13 | P117: 52.941 | Q117: 39.13 | R117: 39.13 | S117: 30 | T117: 16.667 | U117: 14.286 | V117: =AVERAGE(J117,M117,P117,S117) -> 45.4355 | W117: =AVERAGE(K117,N117,Q117,T117) -> 34.6785 | X117: =AVERAGE(L117,O117,R117,U117) -> 33.79 | Y117: 13 | Z117: 007
A118: 1126 | B118: 175 | C118: Haryana | D118: Hisar | E118: Private | F118: Verma Multispeciality Hospital | G118: =VLOOKUP(F118,Hospitals!E:H,4,FALSE) -> 29.11882 , 75.6998 | H118: 45689 | I118: 45689 | J118: 85.987 | K118: 82.84 | L118: 80.114 | M118: 70.588 | N118: 69.565 | O118: 69.565 | P118: 70.588 | Q118: 69.565 | R118: 69.565 | S118: 20 | T118: 8.333 | U118: 0 | V118: =AVERAGE(J118,M118,P118,S118) -> 61.79075 | W118: =AVERAGE(K118,N118,Q118,T118) -> 57.57575 | X118: =AVERAGE(L118,O118,R118,U118) -> 54.811 | Y118: 13 | Z118: 007
A119: 315 | B119: 176 | C119: Haryana | D119: Yamuna Nagar | E119: CHC | F119: CHC CHHACHHAULI | G119: =VLOOKUP(F119,Hospitals!E:H,4,FALSE) -> 30.37759 , 76.86056 | H119: 45377 | I119: 45377 | J119: 14.65 | K119: 13.609 | L119: 13.068 | M119: 0 | N119: 0 | O119: 0 | P119: 0 | Q119: 0 | R119: 0 | S119: 0 | T119: 0 | U119: 0 | V119: =AVERAGE(J119,M119,P119,S119) -> 3.6625 | W119: =AVERAGE(K119,N119,Q119,T119) -> 3.40225 | X119: =AVERAGE(L119,O119,R119,U119) -> 3.267 | Y119: 13 | Z119: 022
A120: 314 | B120: 177 | C120: Haryana | D120: Yamuna Nagar | E120: CHC | F120: CHC BILASPUR | G120: =VLOOKUP(F120,Hospitals!E:H,4,FALSE) -> 30.30148 , 77.30244 | H120: 45363 | I120: 45363 | J120: 28.662 | K120: 27.219 | L120: 26.136 | M120: 11.765 | N120: 8.696 | O120: 8.696 | P120: 11.765 | Q120: 8.696 | R120: 8.696 | S120: 10 | T120: 0 | U120: 0 | V120: =AVERAGE(J120,M120,P120,S120) -> 15.548 | W120: =AVERAGE(K120,N120,Q120,T120) -> 11.15275 | X120: =AVERAGE(L120,O120,R120,U120) -> 10.882 | Y120: 13 | Z120: 022
A121: 456 | B121: 177 | C121: Haryana | D121: Yamuna Nagar | E121: CHC | F121: CHC BILASPUR | G121: =VLOOKUP(F121,Hospitals!E:H,4,FALSE) -> 30.30148 , 77.30244 | H121: 45373 | I121: 45373 | J121: 42.038 | K121: 39.645 | L121: 38.068 | M121: 17.647 | N121: 13.043 | O121: 13.043 | P121: 17.647 | Q121: 13.043 | R121: 13.043 | S121: 10 | T121: 0 | U121: 0 | V121: =AVERAGE(J121,M121,P121,S121) -> 21.833 | W121: =AVERAGE(K121,N121,Q121,T121) -> 16.43275 | X121: =AVERAGE(L121,O121,R121,U121) -> 16.0385 | Y121: 13 | Z121: 022
A122: 393 | B122: 178 | C122: Haryana | D122: Yamuna Nagar | E122: CHC | F122: CHC SADHAURA | G122: =VLOOKUP(F122,Hospitals!E:H,4,FALSE) -> 30.39232 , 76.79836 | H122: 45371 | I122: 45371 | J122: 50.318 | K122: 46.746 | L122: 44.886 | M122: 23.529 | N122: 17.391 | O122: 17.391 | P122: 23.529 | Q122: 17.391 | R122: 17.391 | S122: 0 | T122: 0 | U122: 0 | V122: =AVERAGE(J122,M122,P122,S122) -> 24.344 | W122: =AVERAGE(K122,N122,Q122,T122) -> 20.382 | X122: =AVERAGE(L122,O122,R122,U122) -> 19.917 | Y122: 13 | Z122: 022
A123: 424 | B123: 179 | C123: 13 | D123: 022 | E123: CHC | F123: CHC MUSTAFABAD | G123: =VLOOKUP(F123,Hospitals!E:H,4,FALSE) -> 28.99051 , 76.98735 | H123: 45371 | I123: 45371 | J123: 66.242 | K123: 62.13 | L123: 59.659 | M123: 47.059 | N123: 34.783 | O123: 34.783 | P123: 47.059 | Q123: 34.783 | R123: 34.783 | S123: 10 | T123: 8.333 | U123: 0 | V123: =AVERAGE(J123,M123,P123,S123) -> 42.59 | W123: =AVERAGE(K123,N123,Q123,T123) -> 35.00725 | X123: =AVERAGE(L123,O123,R123,U123) -> 32.30625 | Y123: 13 | Z123: 022
...

Sheet Hospitals
A1: Hospital ID | B1: Record ID | C1: State | D1: District | E1: Hospital Name | F1: Pincode | G1: Hospital Type | H1: GPS Location | I1: e_primary | J1: e_secondary | K1: e_tertiary | L1: i_primary | M1: i_secondary | N1: i_tertiary | O1: b_primary | P1: b_secondary | Q1: b_tertiary | R1: s_primary | S1: s_secondary | T1: s_tertiary
A2: 737 | B2: 690 | C2: Haryana | D2: Kaithal | E2: KIRTI HOSPITAL | F2: 136027 | G2: PRIVATE | H2: 29.77552 , 76.41003 | I2: {=VLOOKUP(E2,TPL!A:Z,9,FLASE)} -> #NAME?
A3: 101 | B3: 631 | C3: Haryana | D3: Gurugram | E3: Manipal Hospital, Gurugram | F3: 122017 | G3: PRIVATE | H3: 28.50358 , 77.04492
A4: 499 | B4: 390 | C4: Haryana | D4: Panipat | E4: MALIK HOSPITAL | F4: 132103 | G4: PRIVATE | H4: 30.70398 , 76.90092
A5: 195 | B5: 381 | C5: Haryana | D5: Yamuna Nagar | E5: PHC BHAMBHOL | F5: 133103 | G5: PHC | H5: 30.10148 , 77.275
A6: 352 | B6: 296 | C6: Haryana | D6: Kurukshetra | E6: CHC BARNA | F6: 136119 | G6: CHC | H6: 29.93261 , 76.7221
A7: 549 | B7: 809 | C7: Haryana | D7: Sirsa | E7: PHC PANNIWALA MOTTA | F7: 125077 | G7: PHC | H7: 29.70283 , 74.90854
A8: 5 | B8: 747 | C8: Haryana | D8: Ambala | E8: CHC AMBLI | F8: 134203 | G8: CHC | H8: 30.28297 , 76.71056
A9: 180 | B9: 385 | C9: Haryana | D9: Yamuna Nagar | E9: CHC NAHARPUR | F9: 135001 | G9: CHC | H9: 30.28297 , 76.71056
A10: 377 | B10: 318 | C10: Haryana | D10: Kurukshetra | E10: BS HEART CARE AND MULTISPECIALITY HOSPITAL | F10: 136118 | G10: PRIVATE | H10: 29.96938 , 76.86055
A11: 590 | B11: 625 | C11: Haryana | D11: Yamuna Nagar | E11: SHARMA HOSPITAL | F11: 135003 | G11: PRIVATE | H11: 30.15311 , 77.31937
A12: 187 | B12: 414 | C12: Haryana | D12: Yamuna Nagar | E12: PHC ALAHAR | F12: 135133 | G12: PHC | H12: 30.03427 , 77.20822
A13: 421 | B13: 585 | C13: Haryana | D13: Nuh | E13: PHC MARORA | F13: 122104 | G13: PHC | H13: 27.80045 , 76.95256
A14: 958 | B14: 965 | C14: Haryana | D14: Bhiwani | E14: PHC ALAKHPURA | F14: 127041 | G14: PHC | H14: 28.90345 , 76.57194
... A19: 560 | B19: 498 | C19: Haryana | D19: Sirsa | E19: PHC KALUANA | F19: 125103 | G19: PHC | H19: 28.99308 , 77.01507
A20: 80 | B20: 628 | C20: Haryana | D20: Gurugram | E20: KAMLA HOSPITAL | G20: PRIVATE | H20: 28.44633 , 76.9916
A21: 211 | B21: 826 | C21: Haryana | D21: Jhajjar | E21: PHC BAHU JHOLARI | F21: 124142 | G21: PHC | H21: 28.45705 , 76.32998
A22: 366 | B22: 301 | C22: Haryana | D22: Kurukshetra | E22: PHC GUDHA | F22: 136132 | G22: PHC | H22: 29.99809 , 77.03342
A23: 498 | B23: 371 | C23: Haryana | D23: Panipat | E23: AYUSHMAN BHAV HEALTH INSTITUTE | F23: 132103 | G23: PRIVATE | H23: 29.31916 , 76.99052
A24: 178 | B24: 393 | C24: Haryana | D24: Yamuna Nagar | E24: CHC SADHAURA | F24: 133204 | G24: CHC | H24: 30.39232 , 76.79836
A25: 45 | B25: 1163 | C25: Haryana | D25: Bhiwani | E25: SHARMA HOSPITAL | G25: PRIVATE | H25: 28.80094 , 76.14127
A26: 292 | B26: 1128 | C26: Haryana | D26: Karnal | E26: PHC BARSAT | F26: 132114 | G26: PHC | H26: 29.53052 , 76.98514
A27: 315 | B27: 324 | C27: Haryana | D27: Karnal | E27: SUSHIL GARG HOSPITAL | F27: 132001 | G27: PRIVATE | H27: 29.68781 , 76.99825
A28: 550 | B28: 796 | C28: Haryana | D28: Sirsa | E28: PHC BANI | F28: 125075 | G28: PHC | H28: 29.43055 , 74.92088
A29: 493 | B29: 369 | C29: Haryana | D29: Panipat | E29: PAHUJA HOSPITAL | F29: 132103 | G29: PRIVATE | H29: 29.4038 , 76.97085
A30: 694 | B30: 437 | C30: Haryana | D30: Faridabad | E30: PHC PANHERA KHURD | F30: 121004 | G30: PHC | H30: 28.26443 , 77.39979
A31: 571 | B31: 421 | C31: Haryana | D31: Sirsa | E31: CIVIL HOSPITAL CHAUTALA | F31: 125101 | G31: SDH | H31: 29.78566 , 74.5293
A32: 546 | B32: 419 | C32: Haryana | D32: Sirsa | E32: CHC KALANWALI | F32: 125201 | G32: CHC | H32: 29.54455 , 75.06314
A33: 719 | B33: 442 | C33: Haryana | D33: Kaithal | E33: PHC BALU | G33: PHC | H33: 29.81876 , 76.39904
A34: 459 | B34: 406 | C34: Haryana | D34: Panipat | E34: CHC DADLANA | F34: 132140 | G34: CHC | H34: 29.49163 , 76.86056
A35: 356 | B35: 1035 | C35: Haryana | D35: Kurukshetra | E35: CHC MATHANA | F35: 136131 | G35: CHC | H35: 29.77552 , 76.41003
A36: 814 | B36: 661 | C36: Haryana | D36: Sirsa | E36: POONIA HOSPITAL | F36: 125055 | G36: PRIVATE | H36: 30.90096 , 75.85728
A37: 358 | B37: 791 | C37: Haryana | D37: Kurukshetra | E37: PHC AMIN | F37: 136038 | G37: PHC | H37: 29.31151 , 76.88363
A38: 559 | B38: 478 | C38: Haryana | D38: Sirsa | E38: PHC JOTTANWALI | F38: 125104 | G38: PHC | H38: 30.90096 , 75.85728
A39: 1000 | B39: 1118 | C39: Haryana | D39: Fatehabad | E39: KHANNA ENT AND DENTAL HOSPITAL | F39: 125120 | G39: PRIVATE | H39: 29.70815 , 75.90863
A40: 884 | B40: 929 | C40: Haryana | D40: Sirsa | E40: HOLY NURSING HOME | F40: 125055 | G40: PRIVATE | H40: 29.54461 , 75.02606
A41: 693 | B41: 448 | C41: Haryana | D41: Faridabad | E41: PHC MOHNA | F41: 121004 | G41: PHC | H41: 28.2772 , 77.32094
A42: 191 | B42: 387 | C42: Haryana | D42: Yamuna Nagar | E42: PHC SABAPUR | F42: 135101 | G42: PHC | H42: 30.2403 , 77.1363
A43: 176 | B43: 315 | C43: Haryana | D43: Yamuna Nagar | E43: CHC CHHACHHAULI | F43: 135103 | G43: CHC | H43: 30.37759 , 76.86056
A44: 608 | B44: 438 | C44: Haryana | D44: Yamuna Nagar | E44: PARAS HOSPITAL | F44: 135001 | G44: PRIVATE | H44: 30.14911 , 77.3058
A45: 483 | B45: 316 | C45: Haryana | D45: Panipat | E45: Jatindera Hospital Panipat | F45: 132103 | G45: PRIVATE | H45: 30.70398 , 76.90092
... A47: 189 | B47: 405 | C47: Haryana | D47: Yamuna Nagar | E47: PHC BURIA | F47: 135001 | G47: PHC | H47: 28.99051 , 76.98735
A48: 728 | B48: 571 | C48: Haryana | D48: Kaithal | E48: PHC KEORAK | G48: PHC | H48: 29.80837 , 76.39844
A49: 186 | B49: 429 | C49: Haryana | D49: Yamuna Nagar | E49: PHC MUGALWALI | F49: 135102 | G49: PHC | H49: 30.44704 , 76.98734
A50: 540 | B50: 773 | C50: Haryana | D50: Rewari | E50: PHC GUDIYANI | F50: 123301 | G50: PHC | H50: 28.20585 , 76.82717
A51: 140 | B51: 1066 | C51: Haryana | D51: Hisar | E51: PHC SINDHAR | F51: 125049 | G51: PHC | H51: 29.3634 , 75.87758
A52: 481 | B52: 317 | C52: Haryana | D52: Panipat | E52: LALA HARBHAGWAN DASS MEMORIAL DR PREM HOSPITAL | F52: 132103 | G52: PRIVATE | H52: 29.38909 , 76.97582
A53: 185 | B53: 348 | C53: Haryana | D53: Yamuna Nagar | E53: PHC HAIBATPUR | F53: 135102 | G53: PHC | H53: 30.29279 , 77.2224
A54: 11 | B54: 904 | C54: Haryana | D54: Ambala | E54: PHC MAJARI | F54: 134003 | G54: PHC | H54: 30.26829 , 76.77664
A55: 599 | B55: 568 | C55: Haryana | D55: Yamuna Nagar | E55: SWAMI VIVEKANAND MULTISPECIALITY HOSPITAL | F55: 135001 | G55: PRIVATE | H55: 30.12644 , 77.29438
A56: 432 | B56: 586 | C56: Haryana | D56: Nuh | E56: PHC SINGAR | F56: 122508 | G56: PHC | H56: 27.86694 , 77.24285
A57: 520 | B57: 339 | C57: Haryana | D57: Panipat | E57: SANKALP HOSPITAL | F57: 132103 | G57: PRIVATE | H57: 29.38681 , 76.95277
A58: 548 | B58: 458 | C58: Haryana | D58: Sirsa | E58: PHC DESUJODHA | F58: 125104 | G58: PHC | H58: 30.13077 , 74.99055
A59: 501 | B59: 389 | C59: Haryana | D59: Panipat | E59: A.R. Mittal Hospital | F59: 132103 | G59: PRIVATE | H59: 29.3797 , 76.96783
A60: 529 | B60: 313 | C60: Haryana | D60: Panipat | E60: SUB DIVISIONAL CIVIL HOSPITAL SAMALKHA | F60: 132101 | G60: SDH | H60: 29.2551 , 76.99886
A61: 179 | B61: 424 | C61: 13 | D61: 022 | E61: CHC MUSTAFABAD | F61: 133103 | G61: CHC | H61: 28.99051 , 76.98735
A62: 897 | B62: 828 | C62: Haryana | D62: Ambala | E62: C.LALL HOSPITAL | F62: 133001 | G62: PRIVATE | H62: 30.33728 , 76.86793
A63: 503 | B63: 286 | C63: Haryana | D63: Panipat | E63: Bajaj Eye Centre | F63: 132103 | G63: PRIVATE | H63: 29.39652 , 76.97131
A64: 517 | B64: 372 | C64: Haryana | D64: Panipat | E64: Aman Hospital | F64: 132103 | G64: PRIVATE | H64: 29.3971 , 76.96648
A65: 295 | B65: 323 | C65: Haryana | D65: Karnal | E65: PHC KUTAIL | F65: 132037 | G65: PHC | H65: 29.68781 , 76.99169
A66: 544 | B66: 465 | C66: Haryana | D66: Sirsa | E66: CHC BARAGUDHA | F66: 125078 | G66: CHC | H66: 28.99308 , 77.01507
A67: 685 | B67: 530 | C67: Haryana | D67: Faridabad | E67: CHC TIGAON | F67: 121002 | G67: CHC | H67: 28.37457 , 77.38483
A68: 343 | B68: 322 | C68: Haryana | D68: Karnal | E68: BHATIA ORTHOPAEDIC CENTRE Karnal | F68: 132001 | G68: PRIVATE | H68: 30.1652 , 75.46
A69: 695 | B69: 439 | C69: Haryana | D69: Faridabad | E69: PHC SIKRI | F69: 121004 | G69: PHC | H69: 28.32432 , 77.35084
A70: 351 | B70: 326 | C70: Haryana | D70: Karnal | E70: SUB DIVISIONAL CIVIL HOSPITAL NILOKHERI | F70: 132117 | G70: SDH | H70: 30.05066 , 76.33043
A71: 522 | B71: 367 | C71: Haryana | D71: Panipat | E71: HEART AND MOTHER CARE HOSPITAL | F71: 132103 | G71: PRIVATE | H71: 29.41058 , 76.97582
A72: 686 | B72: 401 | C72: Haryana | D72: Faridabad | E72: CHC KHERI KALAN | F72: 121002 | G72: CHC | H72: 28.40893 , 77.37333
A73: 710 | B73: 440 | C73: Haryana | D73: Faridabad | E73: HANDA MEDICAL CENTRE | F73: 121002 | G73: PRIVATE | H73: 28.41117 , 77.32082
... A91: 508 | B91: 337 | C91: Haryana | D91: Panipat | E91: DR.RAVINDERA MATERNITY & GENERAL HOSPITAL | F91: 132103 | G91: PRIVATE | H91: 29.77552 , 76.41003
A92: 53 | B92: 854 | C92: Haryana | D92: Bhiwani | E92: SPES HOSPITAL | G92: PRIVATE | H92: 28.80025 , 76.14133
A93: 386 | B93: 808 | C93: 13 | D93: 012 | E93: CIVIL HOSPITAL SHAHABAD | F93: 136135 | G93: SDH | H93: 30.00371 , 77.01655
A94: 197 | B94: 404 | C94: Haryana | D94: Yamuna Nagar | E94: CIVIL HOSPITAL RADAUR | F94: 135133 | G94: SDH | H94: 30.04245 , 77.1406
A95: 190 | B95: 434 | C95: Haryana | D95: Yamuna Nagar | E95: PHC KALANAUR | F95: 135101 | G95: PHC | H95: 30.36814 , 76.76827
A96: 533 | B96: 751 | C96: Haryana | D96: Rewari | E96: CHC NAHAR | F96: 123303 | G96: CHC | H96: 29.39095 , 76.9635
A97: 181 | B97: 349 | C97: Haryana | D97: Yamuna Nagar | E97: CHC KHIZRABAD | F97: 135021 | G97: CHC | H97: 30.28678 , 77.49726
A98: 433 | B98: 621 | C98: Haryana | D98: Nuh | E98: PHC TIGAON | F98: 122508 | G98: PHC | H98: 28.99051 , 76.98735
A99: 713 | B99: 433 | C99: Haryana | D99: Faridabad | E99: SARVODAYA HOSPITAL AND RESEARCH CENTRE A UNIT OF ANSHU HOSPITALS LTD | F99: 121006 | G99: PRIVATE | H99: 28.36782 , 77.33645
A100: 875 | B100: 678 | C100: Haryana | D100: Kaithal | E100: MITTAL SURGICAL AND MATERNITY HOSPITAL | F100: 136027 | G100: PRIVATE | H100: 30.01247 , 76.8375
A101: 177 | B101: 314 | C101: Haryana | D101: Yamuna Nagar | E101: CHC BILASPUR | F101: 135102 | G101: CHC | H101: 30.30148 , 77.30244
A102: 529 | B102: 782 | C102: Haryana | D102: Panipat | E102: SUB DIVISIONAL CIVIL HOSPITAL SAMALKHA | F102: 132101 | G102: SDH | H102: 29.77552 , 76.41003
A103: 422 | B103: 1019 | C103: Haryana | D103: Nuh | E103: PHC NAGINA | F103: 122108 | G103: PHC | H103: 28.43279 , 77.02118
A104: 692 | B104: 443 | C104: Haryana | D104: Faridabad | E104: PHC FATEHPUR BILLOCH | F104: 121004 | G104: PHC | H104: 28.33449 , 77.3292
A105: 286 | B105: 291 | C105: Haryana | D105: Karnal | E105: CHC BALLAH | F105: 132040 | G105: CHC | H105: 29.52724 , 76.61814
... A122: 458 | B122: 328 | C122: Haryana | D122: Panipat | E122: CHC AHAR | F122: 132107 | G122: CHC | H122: 29.41072 , 77.07947
A123: 463 | B123: 422 | C123: 13 | D123: 017 | E123: CHC MADLAUDA | F123: 132113 | G123: CHC | H123: 29.42888 , 76.80289
A124: 772 | B124: 548 | C124: Haryana | D124: Yamuna Nagar | E124: SHIVALIK HOSPITALÂ | F124: 135003 | G124: PRIVATE | H124: 30.16944 , 77.28908
A125: 184 | B125: 391 | C125: Haryana | D125: Yamuna Nagar | E125: PHC KHARWAN | F125: 135103 | G125: PHC | H125: 30.28297 , 76.71056
A126: 368 | B126: 1075 | C126: Haryana | D126: Kurukshetra | E126: PHC SAINA SAIDA | F126: 136128 | G126: PHC | H126: 29.69108 , 77.02118
A127: 279 | B127: 377 | C127: Haryana | D127: Kaithal | E127: SUB DIVISIONAL CIVIL HOSPITAL KALAYAT | F127: 136117 | G127: SDH | H127: 29.6778 , 76.24138
A128: 542 | B128: 418 | C128: Haryana | D128: Sirsa | E128: CHC RANIA | F128: 125076 | G128: CHC | H128: 29.6826 , 75.571
A129: 689 | B129: 506 | C129: Haryana | D129: Faridabad | E129: PHC DHOJ | F129: 121004 | G129: PHC | H129: 28.29194 , 77.35541
A130: 696 | B130: 528 | C130: Haryana | D130: Faridabad | E130: PHC ANANDPUR | F130: 121003 | G130: PHC | H130: 28.46349 , 77.26472
A131: 562 | B131: 474 | C131: Haryana | D131: Sirsa | E131: PHC MALLEKAN | F131: 125055 | G131: PHC | H131: 29.04954 , 75.57425
A132: 817 | B132: 652 | C132: Haryana | D132: Sirsa | E132: SHREE BALAJI HOSPITAL | F132: 125055 | G132: PRIVATE | H132: 30.90096 , 75.85728
A133: 60 | B133: 503 | C133: Haryana | D133: Faridabad | E133: PARK HOSPITAL A UNIT OF AGGARWAL HOSPITAL AND RESEARCH SERVICES PVT LTD | F133: 121004 | G133: PRIVATE | H133: 28.36914 , 77.32094
A134: 698 | B134: 507 | C134: Haryana | D134: Faridabad | E134: AL FALAH HOSPITAL | F134: 121004 | G134: PRIVATE | H134: 28.61302 , 77.2309
A135: 196 | B135: 427 | C135: 13 | D135: 022 | E135: SUB DIVIONAL CIVIL HOSPITAL JAGADHRI | F135: 135003 | G135: SDH | H135: 30.17007 , 77.29087
A136: 475 | B136: 500 | C136: Haryana | D136: Panipat | E136: PHC BARANA | F136: 132103 | G136: PHC | H136: 29.45124 , 76.9859
A137: 587 | B137: 610 | C137: Haryana | D137: Yamuna Nagar | E137: SHREE MEDICAL CARE CENTRE | F137: 135003 | G137: PRIVATE | H137: 30.14914 , 77.29797
A138: 586 | B138: 513 | C138: Haryana | D138: Yamuna Nagar | E138: VARDAAN HOSPITAL | F138: 135003 | G138: PRIVATE | H138: 30.15485 , 77.30833
...
